{
  "timestamp": "2026-03-20T17:10:26.206Z",
  "git_status": "clean",
  "commands": {
    "version": {
      "avg": 2123.103916666667,
      "median": 2116.0395409999983,
      "min": 1958.8775409999998,
      "max": 2330.856208000001,
      "times": [
        2213.355959,
        2173.1603749999995,
        2172.2574590000004,
        2330.856208000001,
        2063.396291000001,
        2092.545709,
        2023.9665000000005,
        1958.8775409999998,
        1959.239625000002,
        1970.0147919999981,
        2146.0940420000006,
        2258.184624999998,
        2273.7425000000003,
        2116.0395409999983,
        2094.827583000002
      ]
    },
    "apps:destroy --help": {
      "avg": 2222.6030641333346,
      "median": 2244.351042000002,
      "min": 1967.0994580000042,
      "max": 2337.3842920000025,
      "times": [
        2142.9294590000027,
        2168.7654170000023,
        2205.2284169999984,
        2244.351042000002,
        2182.467749999996,
        2222.7986670000028,
        2267.7927500000005,
        2337.3842920000025,
        2308.5264590000006,
        2258.602042000006,
        1967.0994580000042,
        2288.1058339999945,
        2237.5761249999996,
        2248.554250000001,
        2258.8640000000014
      ]
    },
    "run --help": {
      "avg": 2260.9675277999986,
      "median": 2268.5407080000004,
      "min": 2202.507209000003,
      "max": 2329.1042080000043,
      "times": [
        2273.845249999991,
        2246.9141660000023,
        2281.669332999998,
        2297.1142499999987,
        2248.336083000002,
        2329.1042080000043,
        2202.507209000003,
        2297.7298750000045,
        2278.489124999993,
        2299.2479590000003,
        2209.095166999992,
        2250.2084160000086,
        2268.5407080000004,
        2214.5489589999925,
        2217.1622089999873
      ]
    },
    "pipelines:destroy --help": {
      "avg": 2004.2932443333325,
      "median": 1985.7412909999985,
      "min": 1794.0214579999883,
      "max": 2209.957374999998,
      "times": [
        2107.881957999998,
        2173.026708000005,
        2187.356083999999,
        2170.681291999994,
        2209.957374999998,
        2165.9689160000125,
        1977.1315829999949,
        1985.7412909999985,
        1988.7357079999929,
        1824.9989999999962,
        1894.3105420000065,
        1875.2898750000022,
        1794.5091249999969,
        1794.0214579999883,
        1914.7877500000031
      ]
    },
    "maintenance:on --help": {
      "avg": 2150.6854694666604,
      "median": 2204.051916999975,
      "min": 1838.927708000003,
      "max": 2524.5422919999983,
      "times": [
        2188.1102499999834,
        2524.5422919999983,
        2204.051916999975,
        1923.7732499999984,
        1940.2044999999925,
        1838.927708000003,
        1979.4407500000088,
        1916.2087919999904,
        2097.757874999981,
        2281.8819999999832,
        2277.5591249999998,
        2274.9723329999833,
        2232.0033330000006,
        2278.422459000023,
        2302.4254579999833
      ]
    }
  }
}