{
  "timestamp": "2026-03-20T16:52:55.833Z",
  "git_status": "modified",
  "commands": {
    "version": {
      "avg": 2178.670402933333,
      "median": 2170.915667000001,
      "min": 1931.5723340000004,
      "max": 2688.368292,
      "times": [
        2688.368292,
        2111.477625,
        2097.9193750000004,
        2019.4016659999998,
        1931.5723340000004,
        2189.6962919999987,
        2162.0447920000006,
        2224.6624169999996,
        2275.883082999997,
        2202.5318750000006,
        2244.622292,
        2170.915667000001,
        2023.0664170000018,
        2187.237874999999,
        2150.6560420000023
      ]
    },
    "apps:destroy --help": {
      "avg": 2186.735063800001,
      "median": 2186.8432500000054,
      "min": 2046.7806659999987,
      "max": 2266.0367500000066,
      "times": [
        2248.414584000002,
        2259.204875000003,
        2266.0367500000066,
        2224.4053330000024,
        2243.3587499999994,
        2176.117916999996,
        2235.559417000004,
        2165.220125,
        2186.8432500000054,
        2245.258915999999,
        2159.1142080000063,
        2115.255124999996,
        2046.7806659999987,
        2055.1431659999944,
        2174.3128750000033
      ]
    },
    "run --help": {
      "avg": 2208.972513866665,
      "median": 2223.1279169999907,
      "min": 2039.1322910000017,
      "max": 2326.1839169999876,
      "times": [
        2124.866458999997,
        2121.317041000002,
        2162.3651660000032,
        2158.3708749999932,
        2174.2804170000018,
        2225.2892500000016,
        2236.007540999999,
        2276.053125000006,
        2215.5026249999937,
        2039.1322910000017,
        2255.8778750000056,
        2275.284249999997,
        2326.1839169999876,
        2223.1279169999907,
        2320.928958999997
      ]
    },
    "pipelines:destroy --help": {
      "avg": 2156.660855599999,
      "median": 2186.4720830000006,
      "min": 1856.5417080000043,
      "max": 2272.1935410000006,
      "times": [
        2214.1468340000138,
        2157.050624999989,
        2250.391749999995,
        2272.1935410000006,
        2207.9118750000052,
        2235.5731670000096,
        2104.451166999992,
        2071.8612920000014,
        2106.9382919999916,
        2138.871749999991,
        2164.5857499999984,
        2192.806832999995,
        2190.116167,
        2186.4720830000006,
        1856.5417080000043
      ]
    },
    "maintenance:on --help": {
      "avg": 2259.4686027333278,
      "median": 2274.101249999978,
      "min": 1929.4910830000008,
      "max": 2392.502375000011,
      "times": [
        1929.4910830000008,
        2262.915500000003,
        2206.371167000005,
        2304.674874999997,
        2392.502375000011,
        2274.101249999978,
        2234.179332999978,
        2349.256457999989,
        2278.6113749999786,
        2257.6843339999905,
        2312.0822500000068,
        2257.9684580000176,
        2195.5020829999994,
        2288.301541999972,
        2348.386957999988
      ]
    }
  }
}