{
  "timestamp": "2026-03-20T17:01:49.814Z",
  "git_status": "modified",
  "commands": {
    "version": {
      "avg": 2129.8266306666665,
      "median": 2123.677334,
      "min": 2017.5967919999998,
      "max": 2255.432334000001,
      "times": [
        2229.14,
        2017.5967919999998,
        2092.4834169999995,
        2112.8287090000003,
        2127.3677499999994,
        2197.611832999999,
        2025.1889579999988,
        2106.279624999999,
        2080.0051669999993,
        2123.677334,
        2255.432334000001,
        2151.2071670000005,
        2061.2762079999993,
        2234.1175829999993,
        2133.1865830000024
      ]
    },
    "apps:destroy --help": {
      "avg": 2260.6022444666655,
      "median": 2267.395832999995,
      "min": 2198.866249999992,
      "max": 2378.900167,
      "times": [
        2279.223000000002,
        2285.0797079999975,
        2279.910541999998,
        2267.395832999995,
        2232.2571250000037,
        2378.900167,
        2296.633625000002,
        2203.2240419999944,
        2201.0855420000007,
        2283.770292000001,
        2205.400333000005,
        2236.2701249999955,
        2236.86075,
        2324.156332999999,
        2198.866249999992
      ]
    },
    "run --help": {
      "avg": 2216.437852666668,
      "median": 2212.3267500000075,
      "min": 2152.6267500000104,
      "max": 2280.7865829999937,
      "times": [
        2159.2652499999967,
        2212.3267500000075,
        2274.974417000005,
        2193.627708,
        2231.50162499999,
        2233.3354589999944,
        2152.6267500000104,
        2280.7865829999937,
        2201.5229160000017,
        2228.5929160000087,
        2223.734208000009,
        2210.837458000009,
        2196.725582999992,
        2245.7260839999944,
        2200.984083000003
      ]
    },
    "pipelines:destroy --help": {
      "avg": 2164.353213866665,
      "median": 2175.877499999988,
      "min": 2027.2386669999978,
      "max": 2265.4448339999944,
      "times": [
        2163.939207999996,
        2027.2386669999978,
        2087.152583000003,
        2175.877499999988,
        2207.1055830000114,
        2208.275041999994,
        2154.015459000002,
        2196.362625000009,
        2141.695458999995,
        2061.4777909999975,
        2120.4851250000065,
        2221.531165999986,
        2265.4448339999944,
        2240.656707999995,
        2194.040458000003
      ]
    },
    "maintenance:on --help": {
      "avg": 2242.8093193333307,
      "median": 2227.6007910000044,
      "min": 2194.7137079999957,
      "max": 2332.079167000018,
      "times": [
        2221.9543329999724,
        2320.082915999985,
        2219.5568750000093,
        2209.131832999992,
        2194.7137079999957,
        2332.079167000018,
        2206.2210000000196,
        2212.9771670000046,
        2227.6007910000044,
        2241.493415999983,
        2252.162834000017,
        2222.4213750000054,
        2245.2488329999906,
        2249.5493329999736,
        2286.946208999987
      ]
    }
  }
}